{
  "experiments": [
    {
      "version": 0,
      "timestamp": "2026-02-16T06:02:36.734Z",
      "trainScore": 0.13999999999999999,
      "evalScore": 0.04814814814814815,
      "trainDetails": {
        "successRate": 0.16666666666666666,
        "efficiency": 0.6799999999999999
      },
      "evalDetails": {
        "successRate": 0.05555555555555555,
        "efficiency": 0.7333333333333333
      },
      "change": "baseline",
      "accepted": true
    }
  ],
  "bestEvalScore": 0.04814814814814815,
  "version": 1
}
